"country_or_territory","mealdb_area","starter_dish","selection_basis","popularity_rank","mealdb_recipe_id","availability_status","source_title","source_url","research_date","editorial_note"
"Afghanistan","Afghan","Kabuli pulao","editorial iconic/traditional candidate","","","unverified","Kabuli pulao","https://en.wikipedia.org/wiki/Kabuli_pulao","2026-09-30",""
"Albania","Albanian","Tavë kosi","editorial iconic/traditional candidate","","","unverified","Kosi Casserole - Official Tourism Website","https://akt.gov.al/en/kulinari/tave-kosi-2/","2026-09-30",""
"Algeria","Algerian","Couscous","editorial iconic/traditional candidate","","","unverified","Algerian couscous","https://en.wikipedia.org/wiki/Algerian_couscous","2026-09-30",""
"Andorra","Andorran","Escudella","editorial iconic/traditional candidate","","","unverified","Escudella - Categories - Cultura Popular d'Andorra | CulturaPopular.ad","https://www.culturapopular.ad/categories/escudella","2026-09-30",""
"Angola","Angolan","Muamba de galinha","editorial iconic/traditional candidate","","","unverified","Moamba de galinha","https://pt.wikipedia.org/wiki/Moamba_de_galinha","2026-09-30",""
"Antigua and Barbuda","Antiguan, Barbudan","Fungee and pepperpot","editorial iconic/traditional candidate","","","unverified","Antigua and Barbuda cuisine","https://en.wikipedia.org/wiki/Antigua_and_Barbuda_cuisine","2026-09-30",""
"Argentina","Argentine","Asado","editorial iconic/traditional candidate","","","unverified","Asado | Argentina.gob.ar","https://www.argentina.gob.ar/jefatura/turismo/viaja-por-argentina/asado","2026-09-30",""
"Armenia","Armenian","Harissa","editorial iconic/traditional candidate","","","unverified","Armenian Traditional Food | Must-Try Local Dishes","https://armenia.travel/articles/explore-armenias-must-try-dishes/","2026-09-30",""
"Aruba","Aruban","Keshi yena","editorial iconic/traditional candidate","","","unverified","Keshi yena","https://en.wikipedia.org/wiki/Keshi_yena","2026-09-30",""
"Australia","Australian","Meat pie","editorial iconic/traditional candidate","","","unverified","Meat pie (Australia and New Zealand)","https://en.wikipedia.org/wiki/Meat_pie_%28Australia_and_New_Zealand%29","2026-09-30",""
"Austria","Austrian","Wiener schnitzel","editorial iconic/traditional candidate","","","unverified","Wiener Schnitzel - Bundesministerium für Land- und Forstwirtschaft, Klima- und Umweltschutz, Regionen und Wasserwirtschaft","https://www.bmluk.gv.at/themen/lebensmittel/trad-lebensmittel/speisen/wiener_schnitzel.html","2026-09-30",""
"Azerbaijan","Azerbaijani","Plov","editorial iconic/traditional candidate","","","unverified","Azerbaijani Plov | Azerbaijan.travel","https://azerbaijan.travel/azerbaijani-plov","2026-09-30",""
"Bahamas","Bahamian","Cracked conch","editorial iconic/traditional candidate","","","unverified","5 Ways to Eat Conch in The Bahamas - The Official Website of The Bahamas","https://www.bahamas.com/blog/5-ways-to-eat-conch-in-the-bahamas","2026-09-30",""
"Bahrain","Bahraini","Machboos","editorial iconic/traditional candidate","","","unverified","Bahraini cuisine","https://en.wikipedia.org/wiki/Bahraini_cuisine","2026-09-30",""
"Bangladesh","Bangladeshi","Hilsa curry","editorial iconic/traditional candidate","","","unverified","Hilsa/Ilish Curry","https://beautifulbangladesh.gov.bd/cat/tasty-food/45","2026-09-30",""
"Barbados","Barbadian","Cou-cou and flying fish","editorial iconic/traditional candidate","","","unverified","Barbadian cuisine","https://en.wikipedia.org/wiki/Barbadian_cuisine","2026-09-30",""
"Belarus","Belarusian","Draniki","editorial iconic/traditional candidate","","","unverified","Draniki | Traditional Pancake From Belarus, Eastern Europe | TasteAtlas","https://www.tasteatlas.com/draniki","2026-09-30",""
"Belgium","Belgian","Moules-frites","editorial iconic/traditional candidate","","","unverified","Moules-frites","https://en.wikipedia.org/wiki/Moules-frites","2026-09-30",""
"Belize","Belizean","Rice and beans","editorial iconic/traditional candidate","","","unverified","Around Belize in Four Dishes - Travel Belize","https://www.travelbelize.org/blog/around-belize-four-dishes/","2026-09-30",""
"Benin","Beninese","Amiwo","editorial iconic/traditional candidate","","","unverified","Amiwo","https://en.wikipedia.org/wiki/Amiwo","2026-09-30",""
"Bermuda","Bermudian","Fish chowder","editorial iconic/traditional candidate","","","unverified","Bermuda fish chowder","https://en.wikipedia.org/wiki/Bermuda_fish_chowder","2026-09-30",""
"Bhutan","Bhutanese","Ema datshi","editorial iconic/traditional candidate","","","unverified","Ema datshi","https://en.wikipedia.org/wiki/Ema_datshi","2026-09-30",""
"Bolivia","Bolivian","Salteñas","editorial iconic/traditional candidate","","","unverified","Salteña","https://es.wikipedia.org/wiki/Salte%C3%B1a","2026-09-30",""
"Bosnia and Herzegovina","Bosnian, Herzegovinian","Ćevapi","editorial iconic/traditional candidate","","","unverified","Ćevapi","https://en.wikipedia.org/wiki/%C4%86evapi","2026-09-30",""
"Botswana","Motswana","Seswaa","editorial iconic/traditional candidate","","","unverified","Botswana cuisine","https://en.wikipedia.org/wiki/Botswana_cuisine","2026-09-30",""
"Brazil","Brazilian","Feijoada","editorial iconic/traditional candidate","","","unverified","Feijoada (Brazilian dish)","https://en.wikipedia.org/wiki/Feijoada_%28Brazilian_dish%29","2026-09-30",""
"Brunei","Bruneian","Ambuyat","editorial iconic/traditional candidate","","","unverified","Ambuyat","https://en.wikipedia.org/wiki/Ambuyat","2026-09-30",""
"Bulgaria","Bulgarian","Banitsa","editorial iconic/traditional candidate","","","unverified","Banitsa","https://en.wikipedia.org/wiki/Banitsa","2026-09-30",""
"Burkina Faso","Burkinabe","Riz gras","editorial iconic/traditional candidate","","","unverified","Riz gras","https://en.wikipedia.org/wiki/Riz_gras","2026-09-30",""
"Burundi","Burundian","Boko boko","editorial iconic/traditional candidate","","","unverified","Boko Boko Harees | Traditional Chicken Dish From Burundi | TasteAtlas","https://www.tasteatlas.com/boko-boko-harees","2026-09-30",""
"Cambodia","Cambodian","Fish amok","editorial iconic/traditional candidate","","","unverified","Fish amok","https://en.wikipedia.org/wiki/Fish_amok","2026-09-30",""
"Cameroon","Cameroonian","Ndolé","editorial iconic/traditional candidate","","","unverified","Ndolé","https://en.wikipedia.org/wiki/Ndol%C3%A9","2026-09-30",""
"Canada","Canadian","Poutine","editorial iconic/traditional candidate","","","unverified","Poutine","https://en.wikipedia.org/wiki/Poutine","2026-09-30","Québec specialty; use its regional attribution."
"Cape Verde","Cape Verdian","Cachupa","editorial iconic/traditional candidate","","","unverified","Cachupa","https://en.wikipedia.org/wiki/Cachupa","2026-09-30",""
"Cayman Islands","Caymanian","Fish rundown","editorial iconic/traditional candidate","","","unverified","Rundown - A Taste of Tradition - InsideOut","https://www.insideoutcayman.com/2019/05/20/rundown-a-taste-of-tradition/","2026-09-30",""
"Central African Republic","Central African","Kanda","editorial iconic/traditional candidate","","","unverified","Cuisine of the Central African Republic","https://en.wikipedia.org/wiki/Cuisine_of_the_Central_African_Republic","2026-09-30",""
"Chad","Chadian","Daraba","editorial iconic/traditional candidate","","","unverified","Daraba | Traditional Stew From Chad | TasteAtlas","https://www.tasteatlas.com/daraba","2026-09-30",""
"Chile","Chilean","Pastel de choclo","editorial iconic/traditional candidate","","","unverified","Popular sitio gastronómico situó al Pastel de Choclo entre los platos más reconfortantes del mundo | Sociedad | BioBioChile","https://www.biobiochile.cl/noticias/sociedad/curiosidades/2025/01/14/popular-sitio-gastronomico-situo-al-pastel-de-choclo-entre-los-platos-mas-reconfortantes-del-mundo.shtml","2026-09-30",""
"China","Chinese","Peking duck","editorial iconic/traditional candidate","","","unverified","The Legend of Peking Duck","https://english.visitbeijing.com.cn/article/47OMoepubrG","2026-09-30","Beijing specialty; one region cannot represent all Chinese cooking."
"Colombia","Colombian","Bandeja paisa","editorial iconic/traditional candidate","","","unverified","Bandeja paisa","https://en.wikipedia.org/wiki/Bandeja_paisa","2026-09-30",""
"Costa Rica","Costa Rican","Gallo pinto","editorial iconic/traditional candidate","","","unverified","Gallo pinto","https://costarricense.com/en/recipes/gallo-pinto/","2026-09-30",""
"Croatia","Croatian","Peka","editorial iconic/traditional candidate","","","unverified","Peka - The official site of the Tourist Board Split-Dalmatia County","https://www.dalmatia.hr/activities/peka/","2026-09-30",""
"Cuba","Cuban","Ropa vieja","editorial iconic/traditional candidate","","","unverified","Ropa Vieja - Receta de Plato Tipico Tradicional Cubana | 196 flavors","https://www.196flavors.com/es/ropa-vieja/","2026-09-30",""
"Cyprus","Cypriot","Souvla","editorial iconic/traditional candidate","","","unverified","Souvla","https://en.wikipedia.org/wiki/Souvla","2026-09-30",""
"Czechia","Czech","Svíčková","editorial iconic/traditional candidate","","","unverified","Explore Svíčková na Smetaně: The Crown of Czech Cuisine | VisitCzechia","https://www.visitczechia.com/en-us/things-to-do/places/gastronomic-tourism/czech-cuisine-and-regional-products/g-svickova-na-smetane","2026-09-30",""
"Denmark","Danish","Smørrebrød","editorial iconic/traditional candidate","","","unverified","Danish food culture | From traditional Danish food to New Nordic cuisine","https://denmark.dk/people-and-culture/cuisine","2026-09-30",""
"Djibouti","Djibouti","Skoudehkaris","editorial iconic/traditional candidate","","","unverified","Skoudehkaris | Traditional Rice Dish From Djibouti | TasteAtlas","https://www.tasteatlas.com/skoudehkaris","2026-09-30",""
"Dominica","Dominican","Callaloo soup","editorial iconic/traditional candidate","","","unverified","Dominica cuisine","https://en.wikipedia.org/wiki/Dominica_cuisine","2026-09-30","Shares the API label Dominican with Dominican Republic; manual mapping required."
"Dominican Republic","Dominican","La bandera","editorial iconic/traditional candidate","","","unverified","5 Must-try Dishes of Dominican Gastronomy - Dominican Republic Tourism - Official Website","https://www.godominicanrepublic.com/blog/post/5-must-try-dishes-of-dominican-gastronomy","2026-09-30","Shares the API label Dominican with Dominica; manual mapping required."
"DR Congo","Congolese","Poulet à la moambé","editorial iconic/traditional candidate","","","unverified","Moambe chicken","https://en.wikipedia.org/wiki/Moambe_chicken","2026-09-30","Shares the API label Congolese with Republic of the Congo; manual mapping required."
"Ecuador","Ecuadorean","Encebollado","editorial iconic/traditional candidate","","","unverified","WHAT TO EAT - Ecuador Travel","https://ecuador.travel/en/what-to-eat/","2026-09-30",""
"Egypt","Egyptian","Koshari","editorial iconic/traditional candidate","","","unverified","Koshary","https://en.wikipedia.org/wiki/Koshary","2026-09-30",""
"El Salvador","Salvadoran","Pupusas","editorial iconic/traditional candidate","","","unverified","Pupusa","https://en.wikipedia.org/wiki/Pupusa","2026-09-30",""
"Equatorial Guinea","Equatorial Guinean","Pepesup","editorial iconic/traditional candidate","","","unverified","Cuisine of Equatorial Guinea","https://en.wikipedia.org/wiki/Cuisine_of_Equatorial_Guinea","2026-09-30",""
"Eritrea","Eritrean","Zigni","editorial iconic/traditional candidate","","","unverified","Zigni","https://en.wikipedia.org/wiki/Zigni","2026-09-30",""
"Estonia","Estonian","Verivorst","editorial iconic/traditional candidate","","","unverified","A tour of regional Estonian cuisine","https://visitestonia.com/en/what-to-do/regional-flavors","2026-09-30",""
"Ethiopia","Ethiopian","Doro wat","editorial iconic/traditional candidate","","","unverified","Doro Wat: Traditional Ethiopian Chicken Stew - All About Ethiopia","https://www.allaboutethiopia.com/2026/08/doro-wat.html","2026-09-30",""
"Faroe Islands","Faroese","Skerpikjøt","editorial iconic/traditional candidate","","","unverified","Faroese Food | Traditional Flavors & Unique Cuisine of Faroe Islands","https://visitfaroeislands.com/en/about-vfi/people-society/faroese-food","2026-09-30","Long fermentation project; editorial discovery rather than an everyday recipe."
"Fiji","Fijian","Kokoda","editorial iconic/traditional candidate","","","unverified","How to Make Fijian Kokoda | Local Eats in Fiji | Tourism Fiji","https://www.fiji.travel/things-to-do/local-eats/how-to-make-fijian-kokoda","2026-09-30",""
"Finland","Finnish","Karjalanpiirakka","editorial iconic/traditional candidate","","","unverified","What to eat in Finland – guide to iconic Finnish foods | Visit Finland","https://www.visitfinland.com/en/articles/finlands-traditional-and-iconic-foods/","2026-09-30",""
"France","French","Boeuf bourguignon","editorial iconic/traditional candidate","","","unverified","France.fr: Burgundy specialties","https://www.france.fr/fr/article/specialites-bourgogne/","2026-09-30",""
"Gabon","Gabonese","Poulet nyembwe","editorial iconic/traditional candidate","","","unverified","Nyembouè","https://fr.wikipedia.org/wiki/Nyembou%C3%A8","2026-09-30",""
"Gambia","Gambian","Domoda","editorial iconic/traditional candidate","","","unverified","Domoda | Traditional Stew From The Gambia | TasteAtlas","https://www.tasteatlas.com/domoda","2026-09-30",""
"Georgia","Georgian","Khachapuri","editorial iconic/traditional candidate","","","unverified","Khachapuri","https://en.wikipedia.org/wiki/Khachapuri","2026-09-30",""
"Germany","German","Sauerbraten","editorial iconic/traditional candidate","","","unverified","Sauerbraten","https://de.wikipedia.org/wiki/Sauerbraten","2026-09-30",""
"Ghana","Ghanaian","Jollof rice","editorial iconic/traditional candidate","","","unverified","Taste Ghana Food Fair – Visit Ghana","https://visitghana.com/taste-ghana-food-fair/","2026-09-30","Use a Ghanaian version; distinguish it from other jollof traditions."
"Gibraltar","Gibraltar","Calentita","editorial iconic/traditional candidate","","","unverified","Calentita","https://es.wikipedia.org/wiki/Calentita","2026-09-30",""
"Greece","Greek","Moussaka","editorial iconic/traditional candidate","","","unverified","Visit Greece: cherished dishes","https://www.visitgreece.gr/en/experiences/architecture/traditional-settlements/cherished-greek-dishes","2026-09-30",""
"Greenland","Greenlandic","Suaasat","editorial iconic/traditional candidate","","","unverified","Greenlandic cuisine","https://en.wikipedia.org/wiki/Greenlandic_cuisine","2026-09-30",""
"Grenada","Grenadian","Oil down","editorial iconic/traditional candidate","","","unverified","Oil down","https://en.wikipedia.org/wiki/Oil_down","2026-09-30",""
"Guadeloupe","Guadeloupian","Colombo","editorial iconic/traditional candidate","","","unverified","Colombo - Guadeloupe Islands","https://www.lesilesdeguadeloupe.com/en/explore/gastronomy-spirits/tastes-of-guadeloupe/colombo/","2026-09-30",""
"Guam","Guamanian","Kelaguen","editorial iconic/traditional candidate","","","unverified","About the Cover","https://bsp.guam.gov/wp-bsp-content/uploads/govarchieve/GR-10.101_Guam%20Visitor%27s%20Bureau%20%20Setbision%20Bisitan%20Guahan.pdf","2026-09-30",""
"Guatemala","Guatemalan","Pepián","editorial iconic/traditional candidate","","","unverified","Pepián - SIC","https://www.sicultura.gob.gt/directory-directorio_c/listing/pepian-2/","2026-09-30",""
"Guernsey","Channel Islander","Bean jar","editorial iconic/traditional candidate","","","unverified","Guernsey bean jar","https://en.wikipedia.org/wiki/Guernsey_bean_jar","2026-09-30","Shares the API label Channel Islander with Jersey; manual mapping required."
"Guinea","Guinean","Fouti","editorial iconic/traditional candidate","","","unverified","Cuisine of Guinea","https://en.wikipedia.org/wiki/Cuisine_of_Guinea","2026-09-30","Traditional candidate; no comparable national popularity ranking established."
"Guinea-Bissau","Guinea-Bissauan","Caldo de mancarra","editorial iconic/traditional candidate","","","unverified","GASTRONOMIA","https://www.eeas.europa.eu/sites/default/files/guia_turistico_guine-bissau_ue_acl2018_pt_web.pdf","2026-09-30",""
"Guyana","Guyanese","Pepperpot","editorial iconic/traditional candidate","","","unverified","Guyanese pepperpot","https://en.wikipedia.org/wiki/Guyanese_pepperpot","2026-09-30",""
"Haiti","Haitian","Griot","editorial iconic/traditional candidate","","","unverified","Griot Recipe | Food Network Kitchen | Food Network","https://www.foodnetwork.com/recipes/food-network-kitchen/griot-20290286","2026-09-30",""
"Honduras","Honduran","Baleadas","editorial iconic/traditional candidate","","","unverified","Baleada","https://es.wikipedia.org/wiki/Baleada","2026-09-30",""
"Hong Kong","Hong Konger","Char siu bao","editorial iconic/traditional candidate","","","unverified","Hong Kong Must-Try Foods | HKTE","https://www.hkengage.gov.hk/en/essentials/living/hong-kong-must-try-foods","2026-09-30","A specific dim sum dish, rather than the whole dim sum category."
"Hungary","Hungarian","Gulyás","editorial iconic/traditional candidate","","","unverified","Goulash","https://en.wikipedia.org/wiki/Goulash","2026-09-30",""
"Iceland","Icelander","Kjötsúpa","editorial iconic/traditional candidate","","","unverified","Traditional Icelandic dishes to try in Reykjavík | Visit Reykjavík","https://visitreykjavik.is/traditional-icelandic-dishes-try-reykjavik","2026-09-30",""
"India","Indian","Biryani","editorial iconic/traditional candidate","","","unverified","Biryani","https://en.wikipedia.org/wiki/Biryani","2026-09-30","Choose and name a regional biryani version."
"Indonesia","Indonesian","Nasi goreng","editorial iconic/traditional candidate","","","unverified","Jelajah Budaya Indonesia Via Kuliner Tradisional – Inspektorat Jenderal Kemendikdasmen","https://itjen.kemendikdasmen.go.id/web/?p=6635","2026-09-30",""
"Iran","Iranian","Ghormeh sabzi","editorial iconic/traditional candidate","","","unverified","Ghormeh sabzi","https://en.wikipedia.org/wiki/Ghormeh_sabzi","2026-09-30",""
"Iraq","Iraqi","Masgouf","editorial iconic/traditional candidate","","","unverified","Masgouf","https://en.wikipedia.org/wiki/Masgouf","2026-09-30",""
"Ireland","Irish","Irish stew","editorial iconic/traditional candidate","","","unverified","Irish stew","https://en.wikipedia.org/wiki/Irish_stew","2026-09-30",""
"Israel","Israeli","Falafel","editorial iconic/traditional candidate","","","unverified","Falafel","https://en.wikipedia.org/wiki/Falafel","2026-09-30","Shared regional dish; association does not imply exclusive origin."
"Italy","Italian","Pizza Margherita","editorial iconic/traditional candidate","","","unverified","Pizza Margherita","https://it.wikipedia.org/wiki/Pizza_Margherita","2026-09-30",""
"Ivory Coast","Ivorian","Attiéké","editorial iconic/traditional candidate","","","unverified","Attiéké","https://fr.wikipedia.org/wiki/Atti%C3%A9k%C3%A9","2026-09-30",""
"Jamaica","Jamaican","Jerk chicken","editorial iconic/traditional candidate","","","unverified","Iconic Meals","https://www.visitjamaica.com/discover-jamaica/cuisine/iconic-meals/","2026-09-30",""
"Japan","Japanese","Sushi","editorial iconic/traditional candidate","","","unverified","Japan National Tourism Organization","https://www.japan.travel/en/local-specialities/local-foods/","2026-09-30",""
"Jersey","Channel Islander","Bean crock","editorial iconic/traditional candidate","","","unverified","Traditional Jersey Bean Crock: the Original Baked Beans Recipe - Food.com","https://www.food.com/recipe/traditional-jersey-bean-crock-the-original-baked-beans-388262","2026-09-30","Shares the API label Channel Islander with Guernsey; manual mapping required."
"Jordan","Jordanian","Mansaf","editorial iconic/traditional candidate","","","unverified","Mansaf","https://en.wikipedia.org/wiki/Mansaf","2026-09-30",""
"Kazakhstan","Kazakhstani","Beshbarmak","editorial iconic/traditional candidate","","","unverified","Beshbarmak | Traditional Meat Dish From Kazakhstan | TasteAtlas","https://www.tasteatlas.com/beshbarmak","2026-09-30",""
"Kenya","Kenyan","Nyama choma","editorial iconic/traditional candidate","","","unverified","Nyama choma","https://en.wikipedia.org/wiki/Nyama_choma","2026-09-30",""
"Kosovo","Kosovar","Flija","editorial iconic/traditional candidate","","","unverified","Flia","https://en.wikipedia.org/wiki/Flia","2026-09-30",""
"Kuwait","Kuwaiti","Machboos","editorial iconic/traditional candidate","","","unverified","Kuwaiti cuisine","https://en.wikipedia.org/wiki/Kuwaiti_cuisine","2026-09-30",""
"Kyrgyzstan","Kirghiz","Beshbarmak","editorial iconic/traditional candidate","","","unverified","Beshbarmak","https://en.wikipedia.org/wiki/Beshbarmak","2026-09-30",""
"Laos","Laotian","Laap","editorial iconic/traditional candidate","","","unverified","Lao cuisine","https://en.wikipedia.org/wiki/Lao_cuisine","2026-09-30",""
"Latvia","Latvian","Grey peas with bacon","editorial iconic/traditional candidate","","","unverified","Grey peas","https://en.wikipedia.org/wiki/Grey_peas","2026-09-30",""
"Lebanon","Lebanese","Kibbeh","editorial iconic/traditional candidate","","","unverified","Kibbeh","https://en.wikipedia.org/wiki/Kibbeh","2026-09-30",""
"Lesotho","Mosotho","Papa","editorial iconic/traditional candidate","","","unverified","About the Kingdom of Lesotho – Central Bank of Lesotho","https://centralbank.org.ls/about-the-kingdom-of-lesotho/","2026-09-30",""
"Liberia","Liberian","Cassava leaf stew","editorial iconic/traditional candidate","","","unverified","Liberian cuisine","https://en.wikipedia.org/wiki/Liberian_cuisine","2026-09-30",""
"Libya","Libyan","Bazeen","editorial iconic/traditional candidate","","","unverified","Bazin | Traditional Bread From Libya, Maghreb | TasteAtlas","https://www.tasteatlas.com/bazin","2026-09-30",""
"Liechtenstein","Liechtensteiner","Käsknöpfle","editorial iconic/traditional candidate","","","unverified","Käsknöpfle - Official tourism website of the Principality of Liechtenstein","https://en.tourismus.li/rezepte/detail/kasknopfle-dc0e5593-abe1-418e-943e-a897c7979b3e.html","2026-09-30",""
"Lithuania","Lithuanian","Cepelinai","editorial iconic/traditional candidate","","","unverified","Cepelinai: Lithuania's Famous Dish | Lithuania Travel","https://lithuania.travel/en/what-to-do/food-and-drink/lithuanian-products/cepelinai","2026-09-30",""
"Luxembourg","Luxembourger","Judd mat gaardebounen","editorial iconic/traditional candidate","","","unverified","Judd mat Gaardebounen","https://en.wikipedia.org/wiki/Judd_mat_Gaardebounen","2026-09-30",""
"Madagascar","Malagasy","Romazava","editorial iconic/traditional candidate","","","unverified","Romazava","https://en.wikipedia.org/wiki/Romazava","2026-09-30",""
"Malawi","Malawian","Nsima","editorial iconic/traditional candidate","","","unverified","Nsima, culinary tradition of Malawi - UNESCO Intangible Cultural Heritage","https://ich.unesco.org/en/RL/nsima-culinary-tradition-of-malawi-01292","2026-09-30",""
"Malaysia","Malaysian","Nasi lemak","editorial iconic/traditional candidate","","","unverified","Tourism Malaysia: Malaysian food","https://www.malaysia.travel/explore/malaysian-food-52-top-picks-you-shouldn-t-miss","2026-09-30",""
"Maldives","Maldivan","Mas huni","editorial iconic/traditional candidate","","","unverified","Mas huni","https://en.wikipedia.org/wiki/Mas_huni","2026-09-30",""
"Mali","Malian","Tiguadege na","editorial iconic/traditional candidate","","","unverified","Peanut stew","https://en.wikipedia.org/wiki/Peanut_stew","2026-09-30",""
"Malta","Maltese","Stuffat tal-fenek","editorial iconic/traditional candidate","","","unverified","Stuffat tal-Fenek","https://en.wikipedia.org/wiki/Stuffat_tal-Fenek","2026-09-30",""
"Mauritius","Mauritian","Dholl puri","editorial iconic/traditional candidate","","","unverified","Mauritian dholl puri: History, recipe and where to eat it in Mauritius","https://www.ilemaurice.im/en/mauritian-dholl-puri/","2026-09-30",""
"Mexico","Mexican","Tacos al pastor","editorial iconic/traditional candidate","","","unverified","Good Food: foods to try in Mexico","https://tollbit.bbcgoodfood.com/travel/global/top-10-foods-try-mexico","2026-09-30",""
"Moldova","Moldovan","Mămăligă","editorial iconic/traditional candidate","","","unverified","Mămăligă — rețetă tradițională · MyMoldova","https://mymoldova.online/gastronomie/mamaliga","2026-09-30",""
"Mongolia","Mongolian","Buuz","editorial iconic/traditional candidate","","","unverified","Buuz","https://en.wikipedia.org/wiki/Buuz","2026-09-30",""
"Montenegro","Montenegrin","Kačamak","editorial iconic/traditional candidate","","","unverified","Food routes | Montenegro","https://www.montenegro.travel/en/explore-montenegro/food-wine/food-routes","2026-09-30",""
"Morocco","Moroccan","Tagine","editorial iconic/traditional candidate","","","unverified","Travel info - Moroccan Food & Drink | Moroccan National Tourist Office","https://visitmorocco.com/en/travel-info/food-drinks","2026-09-30",""
"Mozambique","Mozambican","Matapa","editorial iconic/traditional candidate","","","unverified","Matapa","https://en.wikipedia.org/wiki/Matapa","2026-09-30",""
"Myanmar","Burmese","Mohinga","editorial iconic/traditional candidate","","","unverified","Mohinga","https://en.wikipedia.org/wiki/Mohinga","2026-09-30",""
"Namibia","Namibian","Kapana","editorial iconic/traditional candidate","","","unverified","Kapana (grilled meat)","https://en.wikipedia.org/wiki/Kapana_%28grilled_meat%29","2026-09-30",""
"Nepal","Nepalese","Dal bhat","editorial iconic/traditional candidate","","","unverified","Dal bhat","https://en.wikipedia.org/wiki/Dal_bhat","2026-09-30",""
"Netherlands","Dutch","Stamppot","editorial iconic/traditional candidate","","","unverified","Stamppot","https://en.wikipedia.org/wiki/Stamppot","2026-09-30",""
"New Zealand","New Zealander","Hāngī","editorial iconic/traditional candidate","","","unverified","What is a hāngī, and where can I enjoy it? | Go New Zealand","https://www.newzealand.com.au/info/frequently-asked-questions/what-is-a-h%C4%81ng%C4%AB-and-where-can-i-enjoy-it","2026-09-30","Traditional Māori preparation; any home-oven adaptation needs clear labeling."
"Nicaragua","Nicaraguan","Gallo pinto","editorial iconic/traditional candidate","","","unverified","Gallo pinto - Tourism in Nicaragua","https://www.visitanicaragua.com/en/platillos/rooster-chick/","2026-09-30",""
"Niger","Nigerien","Dambou","editorial iconic/traditional candidate","","","unverified","Dambou","https://en.wikipedia.org/wiki/Dambou","2026-09-30",""
"Nigeria","Nigerian","Jollof rice","editorial iconic/traditional candidate","","","unverified","How to cook JOLLOF? The most popular DISH in NIGERIA with ‪@Jeanelleats‬ | Google Arts & Culture - YouTube","https://www.youtube.com/watch?v=przoZrlm8iE","2026-09-30","Use a Nigerian version; distinguish it from other jollof traditions."
"North Korea","North Korean","Pyongyang naengmyeon","editorial iconic/traditional candidate","","","unverified","North Korean cuisine","https://en.wikipedia.org/wiki/North_Korean_cuisine","2026-09-30",""
"North Macedonia","Macedonian","Tavče gravče","editorial iconic/traditional candidate","","","unverified","Tavče gravče","https://en.wikipedia.org/wiki/Tav%C4%8De_grav%C4%8De","2026-09-30",""
"Norway","Norwegian","Fårikål","editorial iconic/traditional candidate","","","unverified","Fårikål | Lamb Stew | Recipe | The Norwegian Cookbook","https://www.visitnorway.com/things-to-do/food-and-drink/the-norwegian-cookbook/farikal/","2026-09-30",""
"Oman","Omani","Shuwa","editorial iconic/traditional candidate","","","unverified","Shuwa | Traditional Meat Dish From Oman, Arabian Peninsula | TasteAtlas","https://www.tasteatlas.com/shuwa","2026-09-30",""
"Pakistan","Pakistani","Nihari","editorial iconic/traditional candidate","","","unverified","Nihari - The National Dish of Pakistan — Google Arts & Culture","https://artsandculture.google.com/story/ugXRkkkVCjzYKA","2026-09-30",""
"Palestine","Palestinian","Musakhan","editorial iconic/traditional candidate","","","unverified","Musakhan","https://en.wikipedia.org/wiki/Musakhan","2026-09-30",""
"Panama","Panamanian","Sancocho","editorial iconic/traditional candidate","","","unverified","El sancocho reina como favorito en la gastronomía panameña | La Prensa Panamá","https://www.prensa.com/cultura/sancocho-favorito-comidas-gastronomia-panamena_0_4338316231.html","2026-09-30",""
"Papua New Guinea","Papua New Guinean","Mumu","editorial iconic/traditional candidate","","","unverified","Papua New Guinean cuisine","https://en.wikipedia.org/wiki/Papua_New_Guinean_cuisine","2026-09-30","A cooking method and communal meal; define a specific recipe before publishing."
"Paraguay","Paraguayan","Sopa paraguaya","editorial iconic/traditional candidate","","","unverified","Conozcamos más sobre la Sopa Paraguaya – INAN","https://www.inan.gov.py/site/?p=4581","2026-09-30",""
"Peru","Peruvian","Ceviche","editorial iconic/traditional candidate","","","unverified","Practices and meanings associated with the preparation and consumption of ceviche, an expression of Peruvian traditional cuisine - UNESCO Intangible Cultural Heritage","https://ich.unesco.org/en/RL/practices-and-meanings-associated-with-the-preparation-and-consumption-of-ceviche-an-expression-of-peruvian-traditional-cuisine-01952?RL=01952","2026-09-30",""
"Philippines","Filipino","Adobo","editorial iconic/traditional candidate","","","unverified","Philippine adobo","https://en.wikipedia.org/wiki/Philippine_adobo","2026-09-30",""
"Poland","Polish","Pierogi","editorial iconic/traditional candidate","","","unverified","Pierogi","https://en.wikipedia.org/wiki/Pierogi","2026-09-30",""
"Portugal","Portuguese","Bacalhau à Brás","editorial iconic/traditional candidate","","","unverified","Bacalhau à Brás","https://pt.wikipedia.org/wiki/Bacalhau_%C3%A0_Br%C3%A1s","2026-09-30",""
"Puerto Rico","Puerto Rican","Mofongo","editorial iconic/traditional candidate","","","unverified","Mofongo","https://en.wikipedia.org/wiki/Mofongo","2026-09-30",""
"Qatar","Qatari","Machboos","editorial iconic/traditional candidate","","","unverified","The local cuisine of Qatar | A Culinary Journey | Visit Qatar","https://visitqatar.com/intl-en/about-qatar/cuisine","2026-09-30",""
"Republic of the Congo","Congolese","Saka saka","editorial iconic/traditional candidate","","","unverified","Culture of the Republic of the Congo","https://en.wikipedia.org/wiki/Culture_of_the_Republic_of_the_Congo","2026-09-30","Shares the API label Congolese with DR Congo; manual mapping required."
"Romania","Romanian","Sarmale","editorial iconic/traditional candidate","","","unverified","Culture of Romania","https://en.wikipedia.org/wiki/Culture_of_Romania","2026-09-30",""
"Russia","Russian","Pelmeni","editorial iconic/traditional candidate","","","unverified","Pelmeni","https://en.wikipedia.org/wiki/Pelmeni","2026-09-30",""
"Rwanda","Rwandan","Isombe","editorial iconic/traditional candidate","","","unverified","Isombe","https://en.wikipedia.org/wiki/Isombe","2026-09-30",""
"Saint Lucia","Saint Lucian","Green fig and saltfish","editorial iconic/traditional candidate","","","unverified","Green Fig and Saltfish, the taste that helps you understand Saint Lucia | Saint Lucia Tourism Authority","https://stlucia.org/en/blog/culinary/green-fig-and-saltfish-the-taste-that-helps-you-understand-saint-lucia/","2026-09-30",""
"Samoa","Samoan","Palusami","editorial iconic/traditional candidate","","","unverified","Samoan Food and Culture - National Park of American Samoa (U.S. National Park Service)","https://www.nps.gov/npsa/learn/historyculture/samoan-food-and-culture.htm","2026-09-30",""
"San Marino","Sammarinese","Torta Tre Monti","editorial iconic/traditional candidate","","","unverified","Torta Tre Monti","https://en.wikipedia.org/wiki/Torta_Tre_Monti","2026-09-30","Dessert candidate, not a dinner dish."
"Saudi Arabia","Saudi Arabian","Kabsa","editorial iconic/traditional candidate","","","unverified","Saudi Kabsa - Saudipedia","https://saudipedia.com/en/saudi-kabsa","2026-09-30",""
"Senegal","Senegalese","Ceebu jën","editorial iconic/traditional candidate","","","unverified","Ceebu Jën, a culinary art of Senegal - UNESCO Intangible Cultural Heritage","https://ich.unesco.org/en/RL/ceebu-jen-a-culinary-art-of-senegal-01748","2026-09-30",""
"Serbia","Serbian","Pljeskavica","editorial iconic/traditional candidate","","","unverified","Pljeskavica","https://en.wikipedia.org/wiki/Pljeskavica","2026-09-30",""
"Seychelles","Seychellois","Octopus curry","editorial iconic/traditional candidate","","","unverified","Seychellois Octopus Curry from Islas: A Celebration of Tropical Cooking - 125 Recipes from the Indian, Atlantic, and Pacific Ocean Islands by Von Diaz","https://app.ckbk.com/recipe/isla15259c03s001ss002r011/seychellois-octopus-curry","2026-09-30",""
"Sierra Leone","Sierra Leonean","Cassava leaf stew","editorial iconic/traditional candidate","","","unverified","Sierra Leonean cuisine","https://en.wikipedia.org/wiki/Sierra_Leonean_cuisine","2026-09-30",""
"Singapore","Singaporean","Hainanese chicken rice","editorial iconic/traditional candidate","","","unverified","Hainanese chicken rice","https://en.wikipedia.org/wiki/Hainanese_chicken_rice","2026-09-30",""
"Slovakia","Slovak","Bryndzové halušky","editorial iconic/traditional candidate","","","unverified","Bryndzové halušky","https://en.wikipedia.org/wiki/Bryndzov%C3%A9_halu%C5%A1ky","2026-09-30",""
"Slovenia","Slovene","Kranjska klobasa","editorial iconic/traditional candidate","","","unverified","Kranjska klobasa : Travel-Slovenia","https://www.travel-slovenia.si/slo/slovensko/kranjska-klobasa/","2026-09-30",""
"Solomon Islands","Solomon Islander","Poi","editorial iconic/traditional candidate","","","unverified","Cuisine of Solomon Islands","https://en.wikipedia.org/wiki/Cuisine_of_Solomon_Islands","2026-09-30",""
"Somalia","Somali","Bariis iskukaris","editorial iconic/traditional candidate","","","unverified","Bariis iskukaris","https://en.wikipedia.org/wiki/Bariis_iskukaris","2026-09-30",""
"South Africa","South African","Bobotie","editorial iconic/traditional candidate","","","unverified","Bobotie","https://en.wikipedia.org/wiki/Bobotie","2026-09-30",""
"South Korea","South Korean","Bibimbap","editorial iconic/traditional candidate","","","unverified","Official Site of Korea Tourism Org.: What to eat : Bibimbap - Visitkorea","https://english1.visitkorea.or.kr/enu/FOD/FO_ENG_2_2.jsp","2026-09-30",""
"South Sudan","South Sudanese","Kisra","editorial iconic/traditional candidate","","","unverified","Kisra","https://en.wikipedia.org/wiki/Kisra","2026-09-30",""
"Spain","Spanish","Paella","editorial iconic/traditional candidate","","","unverified","Spain tourism: famous typical dishes","https://www.spain.info/en/top/most-famous-spanish-food-recipes/","2026-09-30",""
"Sri Lanka","Sri Lankan","Rice and curry","editorial iconic/traditional candidate","","","unverified","Rice and curry","https://en.wikipedia.org/wiki/Rice_and_curry","2026-09-30",""
"Sudan","Sudanese","Ful medames","editorial iconic/traditional candidate","","","unverified","Sudanese Food & Culinary Culture | Visit Sudan","https://visitsudan.org/en/cuisine","2026-09-30",""
"Suriname","Surinamer","Pom","editorial iconic/traditional candidate","","","unverified","Pom (dish)","https://en.wikipedia.org/wiki/Pom_%28dish%29","2026-09-30",""
"Sweden","Swedish","Swedish meatballs","editorial iconic/traditional candidate","","","unverified","Swedish meatballs and where to eat them | Visit Sweden","https://visitsweden.com/what-to-do/food-drink/swedish-kitchen/best-swedish-meatballs-and-where-get-them/","2026-09-30",""
"Switzerland","Swiss","Fondue","editorial iconic/traditional candidate","","","unverified","Switzerland's national dishes","https://www.aboutswitzerland.eda.admin.ch/en/switzerlands-national-dishes","2026-09-30",""
"Syria","Syrian","Kibbeh","editorial iconic/traditional candidate","","","unverified","Kibbeh","https://en.wikipedia.org/wiki/Kibbeh","2026-09-30",""
"Taiwan","Taiwanese","Beef noodle soup","editorial iconic/traditional candidate","","","unverified","Taiwanese beef noodle soup","https://en.wikipedia.org/wiki/Taiwanese_beef_noodle_soup","2026-09-30",""
"Tajikistan","Tadzhik","Qurutob","editorial iconic/traditional candidate","","","unverified","Qurutob","https://en.wikipedia.org/wiki/Qurutob","2026-09-30",""
"Tanzania","Tanzanian","Ugali","editorial iconic/traditional candidate","","","unverified","Ugali | Traditional Swallow From Tanzania | TasteAtlas","https://www.tasteatlas.com/ugali","2026-09-30",""
"Thailand","Thai","Pad Thai","editorial iconic/traditional candidate","","","unverified","Pad thai","https://en.wikipedia.org/wiki/Pad_thai","2026-09-30",""
"Togo","Togolese","Fufu","editorial iconic/traditional candidate","","","unverified","Togolese cuisine","https://en.wikipedia.org/wiki/Togolese_cuisine","2026-09-30",""
"Tonga","Tongan","Lu pulu","editorial iconic/traditional candidate","","","unverified","Discover | Food and Feasting | Tonga Tourism","https://www.tongatourism.travel/discover/people-and-culture/food-and-feasting","2026-09-30",""
"Trinidad and Tobago","Trinidadian","Doubles","editorial iconic/traditional candidate","","","unverified","Doubles (food)","https://en.wikipedia.org/wiki/Doubles_%28food%29","2026-09-30",""
"Tunisia","Tunisian","Couscous","editorial iconic/traditional candidate","","","unverified","Tunisian cuisine","https://en.wikipedia.org/wiki/Tunisian_cuisine","2026-09-30",""
"Turkey","Turkish","Mantı","editorial iconic/traditional candidate","","","unverified","Turkish Ravioli","https://www.ktb.gov.tr/EN-99083/turkish-ravioli.html","2026-09-30",""
"Turkmenistan","Turkmen","Palaw","editorial iconic/traditional candidate","","","unverified","Turkmen Pilaf - One Turkmen Kitchen","https://turkmenkitchen.com/en/recipe/turkmen-pilaf","2026-09-30",""
"Tuvalu","Tuvaluan","Tulolo pulaka","editorial iconic/traditional candidate","","","unverified","Tuvaluan cuisine","https://en.wikipedia.org/wiki/Tuvaluan_cuisine","2026-09-30","Specific pulaka preparation, not just the ingredient name."
"Uganda","Ugandan","Matoke","editorial iconic/traditional candidate","","","unverified","Matoke","https://en.wikipedia.org/wiki/Matoke","2026-09-30",""
"Ukraine","Ukrainian","Borshch","editorial iconic/traditional candidate","","","unverified","Borscht","https://en.wikipedia.org/wiki/Borscht","2026-09-30",""
"United Arab Emirates","Emirati","Al machboos","editorial iconic/traditional candidate","","","unverified","Emirati Food you Must Try | Experience Abu Dhabi","https://visitabudhabi.ae/en/plan-your-trip/article-hub/emirati-food-to-try","2026-09-30",""
"United Kingdom","British","Fish and chips","editorial iconic/traditional candidate","","","unverified","Fish and chips","https://en.wikipedia.org/wiki/Fish_and_chips","2026-09-30",""
"United States","American","Hamburger","editorial iconic/traditional candidate","","","unverified","How Hamburgers Became an Iconic American Food | HISTORY","https://www.history.com/articles/hamburger-helpers-the-history-of-americas-favorite-sandwich","2026-09-30",""
"Uruguay","Uruguayan","Chivito","editorial iconic/traditional candidate","","","unverified","Chivito","https://es.wikipedia.org/wiki/Chivito","2026-09-30",""
"Uzbekistan","Uzbekistani","Plov","editorial iconic/traditional candidate","","","unverified","Uzbek plov","https://en.wikipedia.org/wiki/Uzbek_plov","2026-09-30",""
"Vanuatu","Ni-Vanuatu","Laplap","editorial iconic/traditional candidate","","","unverified","Local eats - Vanuatu Tourism Office","https://www.vanuatu.travel/en/about-vanuatu/local-eats","2026-09-30",""
"Venezuela","Venezuelan","Pabellón criollo","editorial iconic/traditional candidate","","","unverified","Pabellón criollo","https://en.wikipedia.org/wiki/Pabell%C3%B3n_criollo","2026-09-30",""
"Vietnam","Vietnamese","Phở","editorial iconic/traditional candidate","","","unverified","Vietnam National Authority of Tourism","https://vietnamtourism.vn/en/index.php/news/items/12973","2026-09-30",""
"Yemen","Yemeni","Saltah","editorial iconic/traditional candidate","","","unverified","Saltah","https://en.wikipedia.org/wiki/Saltah","2026-09-30",""
"Zambia","Zambian","Nshima","editorial iconic/traditional candidate","","","unverified","Zambian cuisine","https://en.wikipedia.org/wiki/Zambian_cuisine","2026-09-30",""
"Zimbabwe","Zimbabwean","Sadza","editorial iconic/traditional candidate","","","unverified","Ugali","https://en.wikipedia.org/wiki/Ugali","2026-09-30",""

